{"ADANIPORTS.csv": "193.27411", "ASIANPAINT.csv": "6457.328", "AXISBANK.csv": "364.17487", "BAJAJ-AUTO.csv": "165.38882", "BAJAJFINSV.csv": "860.1053", "BAJFINANCE.csv": "3725.306", "BHARTIARTL.csv": "18.3058", "BPCL.csv": "805.4773", "BRITANNIA.csv": "9357.662", "CIPLA.csv": "595.31665", "COALINDIA.csv": "38.783104", "DRREDDY.csv": "138.90689", "EICHERMOT.csv": "2708.895", "GAIL.csv": "43.082005", "GRASIM.csv": "242.48836", "HCLTECH.csv": "444.65988", "HDFC.csv": "4020.0332", "HDFCBANK.csv": "2854.1394", "HEROMOTOCO.csv": "256.19604", "HINDALCO.csv": "102.83077", "HINDUNILVR.csv": "5665.982", "ICICIBANK.csv": "299.05148", "INDUSINDBK.csv": "94.38856", "INFRATEL.csv": "ERROR", "INFY.csv": "4617.464", "IOC.csv": "104.30519", "ITC.csv": "209.54185", "JSWSTEEL.csv": "6.089823", "KOTAKBANK.csv": "13776.539", "LT.csv": "180.40685", "MARUTI.csv": "501.49475", "MM.csv": "155.10402", "NESTLEIND.csv": "2039.1359", "NTPC.csv": "1.9520898", "ONGC.csv": "9.339401", "POWERGRID.csv": "2.6048915", "RELIANCE.csv": "1925.9707", "SBIN.csv": "63.639736", "SHREECEM.csv": "1240.7025", "SUNPHARMA.csv": "990.2762", "TATAMOTORS.csv": "23.622334", "TATASTEEL.csv": "14.406854", "TCS.csv": "1698.9036", "TECHM.csv": "22.827604", "TITAN.csv": "1519.0177", "ULTRACEMCO.csv": "101.50864", "UPL.csv": "163.1846", "VEDL.csv": "77.98845", "WIPRO.csv": "3833.7754", "ZEEL.csv": "17.519987"}