{"INFRATEL.csv": "ERROR", "ADANIPORTS.csv": "34.302277", "ASIANPAINT.csv": "305.6865", "AXISBANK.csv": "49.11094", "BAJAJ-AUTO.csv": "77.840576", "BAJAJFINSV.csv": "126.293335", "BAJFINANCE.csv": "282.24075", "BHARTIARTL.csv": "14.669593", "BPCL.csv": "89.971825", "BRITANNIA.csv": "627.1064", "CIPLA.csv": "329.1189", "COALINDIA.csv": "3.2868278", "DRREDDY.csv": "48.61952", "EICHERMOT.csv": "515.1948", "GAIL.csv": "14.197662", "GRASIM.csv": "75.31415", "HCLTECH.csv": "62.192364", "HDFC.csv": "307.73303", "HDFCBANK.csv": "189.54834", "HEROMOTOCO.csv": "221.83862", "HINDALCO.csv": "38.534096", "HINDUNILVR.csv": "207.72192", "ICICIBANK.csv": "37.460735", "INDUSINDBK.csv": "30.972494", "INFY.csv": "857.85767", "IOC.csv": "77.12376", "ITC.csv": "128.59227", "JSWSTEEL.csv": "2.4382951", "KOTAKBANK.csv": "387.49545", "LT.csv": "76.502754", "MARUTI.csv": "107.43626", "MM.csv": "78.1807", "NESTLEIND.csv": "184.06313", "NTPC.csv": "1.9618661", "ONGC.csv": "12.173502", "POWERGRID.csv": "2.510386", "RELIANCE.csv": "168.49406", "SBIN.csv": "48.634514", "SHREECEM.csv": "300.23285", "SUNPHARMA.csv": "962.9047", "TATAMOTORS.csv": "23.448172", "TATASTEEL.csv": "13.711616", "TCS.csv": "241.41533", "TECHM.csv": "24.818178", "TITAN.csv": "150.44577", "ULTRACEMCO.csv": "62.390778", "UPL.csv": "129.11717", "VEDL.csv": "74.56359", "WIPRO.csv": "945.504", "ZEEL.csv": "14.622638"}